"","region","year","age20","age25"
"1","WORLD","1950","112691.088","96661.642"
"2","More developed regions","1950","34593.828","29357.394"
"3","Less developed regions","1950","78097.26","67304.248"
"4","Least developed countries","1950","8754.62","7559.003"
"5","Less developed regions, excluding least developed countries","1950","69342.64","59745.245"
"6","Less developed regions, excluding China","1950","53379.734","45935.857"
"7","Sub-Saharan Africa","1950","8177.031","7009.845"
"8","AFRICA","1950","10136.337","8695.164"
"9","Eastern Africa","1950","2865.011","2421.491"
"10","Burundi","1950","105.1","91.1"
"11","Comoros","1950","7.025","6.273"
"12","Djibouti","1950","2.727","2.265"
"13","Eritrea","1950","49.7","41"
"14","Ethiopia","1950","804.816","682.934"
"15","Kenya","1950","271.6","230.666"
"16","Madagascar","1950","192.91","174.795"
"17","Malawi","1950","118.8","98.9"
"18","Mauritius","1950","21.543","17.956"
"19","Mayotte","1950","0.488","0.453"
"20","Mozambique","1950","280.549","242.401"
"21","Réunion","1950","10.726","10.233"
"22","Rwanda","1950","105.488","72.655"
"23","Somalia","1950","99.065","87.146"
"24","Uganda","1950","239.143","200.509"
"25","United Republic of Tanzania","1950","330.603","275.752"
"26","Zambia","1950","100.95","84.708"
"27","Zimbabwe","1950","122.339","100.381"
"28","Middle Africa","1950","1098.699","942.091"
"29","Angola","1950","181.191","157.176"
"30","Cameroon","1950","193.524","169.005"
"31","Central African Republic","1950","56.722","50.021"
"32","Chad","1950","102.326","91.622"
"33","Congo","1950","35.054","30.48"
"34","Democratic Republic of the Congo","1950","497.02","413.111"
"35","Equatorial Guinea","1950","9.387","8.473"
"36","Gabon","1950","18.744","17.72"
"37","Sao Tome and Principe","1950","4.731","4.483"
"38","Northern Africa","1950","2356.806","2021.419"
"39","Algeria","1950","385.17","333.45"
"40","Egypt","1950","981.62","847.06"
"41","Libyan Arab Jamahiriya","1950","42.86","35.72"
"42","Morocco","1950","393.95","330.47"
"43","Sudan","1950","397.5","336.1"
"44","Tunisia","1950","155.1","138.1"
"45","Western Sahara","1950","0.606","0.519"
"46","Southern Africa","1950","701.664","603.771"
"47","Botswana","1950","18.025","16.586"
"48","Lesotho","1950","29.713","26.248"
"49","Namibia","1950","22.252","19.183"
"50","South Africa","1950","619.885","531.634"
"51","Swaziland","1950","11.789","10.12"
"52","Western Africa","1950","3114.157","2706.392"
"53","Benin","1950","79.829","72.317"
"54","Burkina Faso","1950","203.485","180.508"
"55","Cape Verde","1950","7.861","4.7"
"56","Côte d'Ivoire","1950","122.137","104.136"
"57","Gambia","1950","11.82","10.255"
"58","Ghana","1950","222.642","187.264"
"59","Guinea","1950","133.497","119.929"
"60","Guinea-Bissau","1950","22.545","20.398"
"61","Liberia","1950","43.415","38.925"
"62","Mali","1950","212.882","196.5"
"63","Mauritania","1950","29.637","25.296"
"64","Niger","1950","102.813","86.134"
"65","Nigeria","1950","1672.65","1444.8"
"66","Senegal","1950","107.489","91.866"
"67","Sierra Leone","1950","82.778","72.93"
"68","Togo","1950","58.524","50.273"
"69","ASIA","1950","64128.893","54896.251"
"70","Eastern Asia","1950","29576.971","25179.558"
"71","China","1950","24211.616","20907.056"
"72","China, Hong Kong SAR","1950","126.6","113.5"
"73","China, Macao SAR","1950","10.703","10.023"
"74","Dem. People's Republic of Korea","1950","390.879","321.75"
"75","Japan","1950","3781.218","2755.774"
"76","Mongolia","1950","32.627","29.955"
"77","Republic of Korea","1950","654.721","703.688"
"78","Other non-specified areas","1950","368.607","337.812"
"79","South-Central Asia","1950","24368.555","21276.121"
"80","Central Asia","1950","924.789","485.489"
"81","Kazakhstan","1950","366.701","178.39"
"82","Kyrgyzstan","1950","92.411","52.025"
"83","Tajikistan","1950","82.964","46.397"
"84","Turkmenistan","1950","61.249","35.071"
"85","Uzbekistan","1950","321.464","173.606"
"86","Southern Asia","1950","23443.766","20790.632"
"87","Afghanistan","1950","374.798","320.442"
"88","Bangladesh","1950","1703.959","1486.994"
"89","Bhutan","1950","7.673","6.516"
"90","India","1950","17894.6","15889"
"91","Iran (Islamic Republic of)","1950","902.2","835.65"
"92","Maldives","1950","3.805","3.293"
"93","Nepal","1950","402.092","349.722"
"94","Pakistan","1950","1783.229","1567.527"
"95","Sri Lanka","1950","371.41","331.488"
"96","South-Eastern Asia","1950","7813.65","6652.63"
"97","Brunei Darussalam","1950","2.129","1.902"
"98","Cambodia","1950","197.4","169.1"
"99","Indonesia","1950","3490.642","2860.617"
"100","Lao People's Democratic Republic","1950","76.054","67.306"
"101","Malaysia","1950","262.2","221.3"
"102","Myanmar","1950","835.173","740.658"
"103","Philippines","1950","709.783","629.913"
"104","Singapore","1950","44","43.8"
"105","Thailand","1950","963.581","765.997"
"106","Timor-Leste","1950","20.7","17.6"
"107","Viet Nam","1950","1211.988","1134.437"
"108","Western Asia","1950","2369.717","1787.942"
"109","Armenia","1950","80.196","36.272"
"110","Azerbaijan","1950","155.06","77.335"
"111","Bahrain","1950","6.156","5.974"
"112","Cyprus","1950","19.89","17.41"
"113","Georgia","1950","185.358","103.565"
"114","Iraq","1950","229.302","212.541"
"115","Israel","1950","55.32","59.4"
"116","Jordan","1950","16.982","13.325"
"117","Kuwait","1950","11.65","11.4"
"118","Lebanon","1950","67.513","53.46"
"119","Occupied Palestinian Territory","1950","35.673","28.127"
"120","Oman","1950","20.227","17.354"
"121","Qatar","1950","1.094","0.933"
"122","Saudi Arabia","1950","135.688","115.399"
"123","Syrian Arab Republic","1950","167.47","145.33"
"124","Turkey","1950","990.892","727.22"
"125","United Arab Emirates","1950","3.046","2.597"
"126","Yemen","1950","188.2","160.3"
"127","EUROPE","1950","23753.855","19227.301"
"128","Eastern Europe","1950","11033.38","7246.456"
"129","Belarus","1950","361.905","237.761"
"130","Bulgaria","1950","350","340"
"131","Czech Republic","1950","357.024","360.957"
"132","Hungary","1950","386.716","377.046"
"133","Poland","1950","1159","1000"
"134","Republic of Moldova","1950","106.456","91.871"
"135","Romania","1950","798","659"
"136","Russian Federation","1950","5558.784","2888.972"
"137","Slovakia","1950","147.65","150.897"
"138","Ukraine","1950","1807.845","1139.952"
"139","Northern Europe","1950","2682.054","2906.443"
"140","Channel Islands","1950","3.086","3.852"
"141","Denmark","1950","148.89","158.125"
"142","Estonia","1950","45.042","31.183"
"143","Finland","1950","165","147"
"144","Iceland","1950","6","6"
"145","Ireland","1950","101.121","99.024"
"146","Latvia","1950","76.29","53.14"
"147","Lithuania","1950","105.631","80.014"
"148","Norway","1950","117","132"
"149","Sweden","1950","229","268"
"150","United Kingdom","1950","1682.143","1925.062"
"151","Southern Europe","1950","4890.383","4275.767"
"152","Albania","1950","53.407","38.284"
"153","Bosnia and Herzegovina","1950","137.6","81.9"
"154","Croatia","1950","174.8","132.6"
"155","Greece","1950","350","280"
"156","Italy","1950","1978.66","1865.092"
"157","Malta","1950","13","11"
"158","Montenegro","1950","17.006","11.551"
"159","Portugal","1950","380.164","333.749"
"160","Serbia","1950","342.194","265.249"
"161","Slovenia","1950","65.7","49.4"
"162","Spain","1950","1321.606","1160.285"
"163","TFYR Macedonia","1950","54.7","45.1"
"164","Western Europe","1950","5148.038","4798.635"
"165","Austria","1950","241.789","223.14"
"166","Belgium","1950","331.738","355.273"
"167","France","1950","1640.061","1648.914"
"168","Germany","1950","2352","1989"
"169","Luxembourg","1950","12","10"
"170","Netherlands","1950","402.199","396.475"
"171","Switzerland","1950","167.3","174.7"
"172","LATIN AMERICA AND THE CARIBBEAN","1950","7485.494","6359.465"
"173","Caribbean","1950","717.06","622.939"
"174","Aruba","1950","1.494","1.404"
"175","Bahamas","1950","3","2.729"
"176","Barbados","1950","8","7"
"177","Cuba","1950","254.603","224.69"
"178","Dominican Republic","1950","105.352","85.225"
"179","Grenada","1950","2.378","1.774"
"180","Guadeloupe","1950","8","8"
"181","Haiti","1950","133.351","117.497"
"182","Jamaica","1950","59.1","51.4"
"183","Martinique","1950","8","8"
"184","Netherlands Antilles","1950","4.709","4.341"
"185","Puerto Rico","1950","91","76.1"
"186","Saint Lucia","1950","4.304","3.211"
"187","Saint Vincent and the Grenadines","1950","2.274","1.632"
"188","Trinidad and Tobago","1950","24","23"
"189","United States Virgin Islands","1950","0.845","0.894"
"190","Central America","1950","1652.796","1394.946"
"191","Belize","1950","3.121","2.531"
"192","Costa Rica","1950","40.684","33.131"
"193","El Salvador","1950","90.186","77.963"
"194","Guatemala","1950","147.148","120.675"
"195","Honduras","1950","63.091","54.766"
"196","Mexico","1950","1213.77","1024.118"
"197","Nicaragua","1950","58.462","49.003"
"198","Panama","1950","36.334","32.759"
"199","South America","1950","5115.638","4341.58"
"200","Argentina","1950","802.248","748.906"
"201","Bolivia (Plurinational State of)","1950","123.639","96.439"
"202","Brazil","1950","2514.502","2068.496"
"203","Chile","1950","262.904","224.192"
"204","Colombia","1950","518.286","453.843"
"205","Ecuador","1950","139.965","118.897"
"206","French Guiana","1950","1.137","1.15"
"207","Guyana","1950","17.035","13.685"
"208","Paraguay","1950","65.613","51.446"
"209","Peru","1950","331.207","275.685"
"210","Suriname","1950","9","8"
"211","Uruguay","1950","98.077","89.767"
"212","Venezuela (Bolivarian Republic of)","1950","231.955","191.001"
"213","NORTHERN AMERICA","1950","6659.534","6959.549"
"214","Canada","1950","552","550"
"215","United States of America","1950","6104.796","6407.134"
"216","OCEANIA","1950","526.975","523.912"
"217","Australia/New Zealand","1950","399.221","414.77"
"218","Australia","1950","327.221","343.77"
"219","New Zealand","1950","72","71"
"220","Melanesia","1950","104.418","91.461"
"221","Fiji","1950","13","11"
"222","New Caledonia","1950","2.805","2.63"
"223","Papua New Guinea","1950","82.318","72.312"
"224","Solomon Islands","1950","4.1","3.7"
"225","Vanuatu","1950","2.195","1.819"
"226","Micronesia","1950","13.082","8.46"
"227","Guam","1950","9.605","5.227"
"228","Micronesia (Fed. States of)","1950","1.438","1.241"
"229","Polynesia","1950","10.254","9.221"
"230","French Polynesia","1950","2.416","2.246"
"231","Samoa","1950","3.39","3.116"
"232","Tonga","1950","2.132","1.728"
"233","WORLD","1960","126729.418","115502.261"
"234","More developed regions","1960","35337.632","33111.587"
"235","Less developed regions","1960","91391.786","82390.674"
"236","Least developed countries","1960","10466.062","9116.996"
"237","Less developed regions, excluding least developed countries","1960","80925.724","73273.678"
"238","Less developed regions, excluding China","1960","63131.249","55735.277"
"239","Sub-Saharan Africa","1960","9900.625","8540.353"
"240","AFRICA","1960","12173.798","10552.314"
"241","Eastern Africa","1960","3440.379","3001.574"
"242","Burundi","1960","119.062","97.716"
"243","Comoros","1960","8.08","7.01"
"244","Djibouti","1960","3.854","3.185"
"245","Eritrea","1960","63.5","52.9"
"246","Ethiopia","1960","1002.647","847.49"
"247","Kenya","1960","307.291","292.074"
"248","Madagascar","1960","205.62","192.794"
"249","Malawi","1960","148.184","124.904"
"250","Mauritius","1960","27.934","22.969"
"251","Mayotte","1960","0.954","0.764"
"252","Mozambique","1960","329.014","281.104"
"253","Réunion","1960","11.003","11.208"
"254","Rwanda","1960","113.16","108.151"
"255","Somalia","1960","117.327","99.29"
"256","Uganda","1960","260.21","256.979"
"257","United Republic of Tanzania","1960","432.108","360.87"
"258","Zambia","1960","133.66","110.215"
"259","Zimbabwe","1960","155.298","130.548"
"260","Middle Africa","1960","1351.597","1153.772"
"261","Angola","1960","207.582","180.1"
"262","Cameroon","1960","229.664","200.667"
"263","Central African Republic","1960","62.682","56.068"
"264","Chad","1960","122.69","105.266"
"265","Congo","1960","42.591","37.098"
"266","Democratic Republic of the Congo","1960","652.167","542.5"
"267","Equatorial Guinea","1960","10.211","9.387"
"268","Gabon","1960","18.906","17.847"
"269","Sao Tome and Principe","1960","5.104","4.839"
"270","Northern Africa","1960","2780.598","2438.646"
"271","Algeria","1960","447","380"
"272","Egypt","1960","1091.362","1001.85"
"273","Libyan Arab Jamahiriya","1960","58","49"
"274","Morocco","1960","513.3","428.4"
"275","Sudan","1960","507.425","426.685"
"276","Tunisia","1960","161.4","150.8"
"277","Western Sahara","1960","2.111","1.911"
"278","Southern Africa","1960","809.23","726.039"
"279","Botswana","1960","22.229","17.784"
"280","Lesotho","1960","31.678","22.737"
"281","Namibia","1960","24.577","21.853"
"282","South Africa","1960","716.393","651.68"
"283","Swaziland","1960","14.353","11.985"
"284","Western Africa","1960","3791.994","3232.283"
"285","Benin","1960","91.5","75.566"
"286","Burkina Faso","1960","222.085","183.025"
"287","Cape Verde","1960","7.937","6.842"
"288","Côte d'Ivoire","1960","168.383","150.247"
"289","Gambia","1960","17.384","18.203"
"290","Ghana","1960","305.178","256.456"
"291","Guinea","1960","147.678","130.206"
"292","Guinea-Bissau","1960","23.666","21.467"
"293","Liberia","1960","51.66","43.878"
"294","Mali","1960","220.869","194.124"
"295","Mauritania","1960","36.784","31.237"
"296","Niger","1960","141.454","111.888"
"297","Nigeria","1960","2056.743","1745.826"
"298","Senegal","1960","137.608","121.594"
"299","Sierra Leone","1960","95.947","84.432"
"300","Togo","1960","66.899","57.137"
"301","ASIA","1960","74024.772","67895.999"
"302","Eastern Asia","1960","34240.64","32135.763"
"303","China","1960","27790.53","26128.162"
"304","China, Hong Kong SAR","1960","105.5","134.3"
"305","China, Macao SAR","1960","5.031","5.141"
"306","Dem. People's Republic of Korea","1960","674.41","479.54"
"307","Japan","1960","4092.607","4049.527"
"308","Mongolia","1960","37.486","34.546"
"309","Republic of Korea","1960","1175.6","916.753"
"310","Other non-specified areas","1960","359.476","387.794"
"311","South-Central Asia","1960","27636.011","24747.843"
"312","Central Asia","1960","1270.815","932.282"
"313","Kazakhstan","1960","587.352","369.187"
"314","Kyrgyzstan","1960","102.89","86.992"
"315","Tajikistan","1960","100.469","85.043"
"316","Turkmenistan","1960","75.386","62.588"
"317","Uzbekistan","1960","404.718","328.472"
"318","Southern Asia","1960","26365.196","23815.561"
"319","Afghanistan","1960","452.024","385.434"
"320","Bangladesh","1960","2201.779","1919.503"
"321","Bhutan","1960","10.235","9.255"
"322","India","1960","19743.824","17877.613"
"323","Iran (Islamic Republic of)","1960","884.851","950.639"
"324","Maldives","1960","5.025","4.44"
"325","Nepal","1960","473.301","403.907"
"326","Pakistan","1960","2167.439","1885.493"
"327","Sri Lanka","1960","426.718","379.277"
"328","South-Eastern Asia","1960","9293.486","8383.795"
"329","Brunei Darussalam","1960","2.935","3.002"
"330","Cambodia","1960","244.9","210"
"331","Indonesia","1960","4178.578","3675.438"
"332","Lao People's Democratic Republic","1960","89.017","77.901"
"333","Malaysia","1960","353.875","271.677"
"334","Myanmar","1960","772.472","790.493"
"335","Philippines","1960","1073.964","915.401"
"336","Singapore","1960","71.9","65.9"
"337","Thailand","1960","1253.523","1067.82"
"338","Timor-Leste","1960","22.753","19.697"
"339","Viet Nam","1960","1229.569","1286.466"
"340","Western Asia","1960","2854.635","2628.598"
"341","Armenia","1960","98.011","80.046"
"342","Azerbaijan","1960","200.195","176.372"
"343","Bahrain","1960","7.299","8.096"
"344","Cyprus","1960","22.62","17.78"
"345","Georgia","1960","197.2","175"
"346","Iraq","1960","286.376","244.189"
"347","Israel","1960","76.706","71.558"
"348","Jordan","1960","42.102","34.031"
"349","Kuwait","1960","21.313","32.975"
"350","Lebanon","1960","72.207","71.525"
"351","Occupied Palestinian Territory","1960","49.4","38.645"
"352","Oman","1960","24.3","18.545"
"353","Qatar","1960","2.836","2.64"
"354","Saudi Arabia","1960","171.327","146.096"
"355","Syrian Arab Republic","1960","175.005","164.32"
"356","Turkey","1960","1178.305","1157.547"
"357","United Arab Emirates","1960","3.857","3.297"
"358","Yemen","1960","225.576","185.936"
"359","EUROPE","1960","24480.592","22321.66"
"360","Eastern Europe","1960","11449.211","9926.974"
"361","Belarus","1960","363.358","345.175"
"362","Bulgaria","1960","291","330"
"363","Czech Republic","1960","282.516","317.184"
"364","Hungary","1960","332.882","350.28"
"365","Poland","1960","940.342","1160.183"
"366","Republic of Moldova","1960","126.762","115.465"
"367","Romania","1960","785","798"
"368","Russian Federation","1960","6050.614","4834.841"
"369","Slovakia","1960","147.265","147.094"
"370","Ukraine","1960","2129.472","1528.752"
"371","Northern Europe","1960","2646.519","2593.249"
"372","Channel Islands","1960","3.783","3.844"
"373","Denmark","1960","153.382","138.71"
"374","Estonia","1960","50.334","50.238"
"375","Finland","1960","162","150"
"376","Iceland","1960","6","6"
"377","Ireland","1960","82.505","76.503"
"378","Latvia","1960","87.04","83.303"
"379","Lithuania","1960","110.69","112.128"
"380","Norway","1960","106","101"
"381","Sweden","1960","235","219"
"382","United Kingdom","1960","1647.736","1650.4"
"383","Southern Europe","1960","4611.376","4580.331"
"384","Albania","1960","73.383","60.355"
"385","Bosnia and Herzegovina","1960","160.478","146.91"
"386","Croatia","1960","166.963","175.75"
"387","Greece","1960","360.282","349.272"
"388","Italy","1960","1889.05","1798.534"
"389","Malta","1960","12.479","8.511"
"390","Montenegro","1960","22.45","18.697"
"391","Portugal","1960","339.365","327.489"
"392","Serbia","1960","311.378","346.865"
"393","Slovenia","1960","63.278","65.204"
"394","Spain","1960","1150.362","1222.22"
"395","TFYR Macedonia","1960","59.95","58.625"
"396","Western Europe","1960","5773.486","5221.106"
"397","Austria","1960","244.844","216.115"
"398","Belgium","1960","286.82","311.157"
"399","France","1960","1478.181","1632.835"
"400","Germany","1960","3154.147","2462.799"
"401","Luxembourg","1960","11","12"
"402","Netherlands","1960","406.841","391.403"
"403","Switzerland","1960","190.602","193.598"
"404","LATIN AMERICA AND THE CARIBBEAN","1960","9141.985","7868.42"
"405","Caribbean","1960","850.016","715.002"
"406","Aruba","1960","2.126","1.711"
"407","Bahamas","1960","4.117","3.478"
"408","Barbados","1960","6.901","5.7"
"409","Cuba","1960","322.532","273.856"
"410","Dominican Republic","1960","133.895","120.766"
"411","Grenada","1960","3.017","1.942"
"412","Guadeloupe","1960","9.1","8.099"
"413","Haiti","1960","169.17","139.477"
"414","Jamaica","1960","57.001","50.001"
"415","Martinique","1960","11.9","9"
"416","Netherlands Antilles","1960","4.695","4.27"
"417","Puerto Rico","1960","79.099","61.199"
"418","Saint Lucia","1960","3.227","2.406"
"419","Saint Vincent and the Grenadines","1960","2.652","1.854"
"420","Trinidad and Tobago","1960","32.5","25.354"
"421","United States Virgin Islands","1960","1.133","0.955"
"422","Central America","1960","2093.464","1793.158"
"423","Belize","1960","3.365","2.872"
"424","Costa Rica","1960","49.352","42.043"
"425","El Salvador","1960","111.31","89.449"
"426","Guatemala","1960","178.648","160.516"
"427","Honduras","1960","84.719","73.578"
"428","Mexico","1960","1545.273","1322.607"
"429","Nicaragua","1960","75.353","63.244"
"430","Panama","1960","45.444","38.849"
"431","South America","1960","6198.505","5360.26"
"432","Argentina","1960","826.045","816.422"
"433","Bolivia (Plurinational State of)","1960","144.87","122.75"
"434","Brazil","1960","3167.559","2632.139"
"435","Chile","1960","299.696","271.238"
"436","Colombia","1960","631.722","521.743"
"437","Ecuador","1960","182.227","156.011"
"438","French Guiana","1960","0.856","1.049"
"439","Guyana","1960","20.678","17.295"
"440","Paraguay","1960","74.185","54.082"
"441","Peru","1960","431.955","373.96"
"442","Suriname","1960","10","10"
"443","Uruguay","1960","100.695","101.006"
"444","Venezuela (Bolivarian Republic of)","1960","307.908","282.487"
"445","NORTHERN AMERICA","1960","6341.7","6323.009"
"446","Canada","1960","619","628"
"447","United States of America","1960","5719.441","5691.888"
"448","OCEANIA","1960","566.571","540.859"
"449","Australia/New Zealand","1960","422.733","417.391"
"450","Australia","1960","345.733","342.391"
"451","New Zealand","1960","77","75"
"452","Melanesia","1960","120.933","105.568"
"453","Fiji","1960","16.457","13.943"
"454","New Caledonia","1960","3.263","3.032"
"455","Papua New Guinea","1960","92.957","81.21"
"456","Solomon Islands","1960","5.291","4.941"
"457","Vanuatu","1960","2.965","2.442"
"458","Micronesia","1960","9.269","7.346"
"459","Guam","1960","4.548","3.402"
"460","Micronesia (Fed. States of)","1960","1.858","1.597"
"461","Polynesia","1960","13.636","10.554"
"462","French Polynesia","1960","3.158","2.935"
"463","Samoa","1960","5.489","3.749"
"464","Tonga","1960","2.683","2.137"
"465","WORLD","1970","151626.919","126358.307"
"466","More developed regions","1970","40123.332","33696.355"
"467","Less developed regions","1970","111503.587","92661.952"
"468","Least developed countries","1970","13116.271","11080.207"
"469","Less developed regions, excluding least developed countries","1970","98387.316","81581.745"
"470","Less developed regions, excluding China","1970","76139.022","64653.379"
"471","Sub-Saharan Africa","1970","12558.732","10651.745"
"472","AFRICA","1970","15455.289","12721.478"
"473","Eastern Africa","1970","4538.97","3705.276"
"474","Burundi","1970","143.5","114.4"
"475","Comoros","1970","8.717","7.754"
"476","Djibouti","1970","7.624","6.224"
"477","Eritrea","1970","81.6","69.3"
"478","Ethiopia","1970","1294.699","1087.98"
"479","Kenya","1970","433.192","307.896"
"480","Madagascar","1970","244.526","202.168"
"481","Malawi","1970","202.976","158.294"
"482","Mauritius","1970","38.613","30.287"
"483","Mayotte","1970","1.57","1.285"
"484","Mozambique","1970","396.851","340.345"
"485","Réunion","1970","15.583","12.161"
"486","Rwanda","1970","170.625","120.136"
"487","Somalia","1970","145.494","118.4"
"488","Uganda","1970","393.14","324.122"
"489","United Republic of Tanzania","1970","587.297","480.928"
"490","Zambia","1970","180.649","147.846"
"491","Zimbabwe","1970","190.458","174.285"
"492","Middle Africa","1970","1688.957","1448.434"
"493","Angola","1970","232.3","201.445"
"494","Cameroon","1970","279.735","242.499"
"495","Central African Republic","1970","72.379","65.679"
"496","Chad","1970","146.617","129.676"
"497","Congo","1970","53.951","46.035"
"498","Democratic Republic of the Congo","1970","870.594","732.518"
"499","Equatorial Guinea","1970","11.249","10.088"
"500","Gabon","1970","19.142","18.251"
"501","Sao Tome and Principe","1970","2.99","2.243"
"502","Northern Africa","1970","3558.448","2616.345"
"503","Algeria","1970","484.076","348.097"
"504","Egypt","1970","1630.628","1101.798"
"505","Libyan Arab Jamahiriya","1970","91.8","80.5"
"506","Morocco","1970","509.1","412"
"507","Sudan","1970","661.891","546.612"
"508","Tunisia","1970","176.9","123.1"
"509","Western Sahara","1970","4.053","4.238"
"510","Southern Africa","1970","1073.163","905.002"
"511","Botswana","1970","26.264","21.793"
"512","Lesotho","1970","41.25","25.092"
"513","Namibia","1970","33.207","27.7"
"514","South Africa","1970","955.588","818.906"
"515","Swaziland","1970","16.854","11.511"
"516","Western Africa","1970","4595.751","4046.421"
"517","Benin","1970","102.362","95.627"
"518","Burkina Faso","1970","269.148","212.293"
"519","Cape Verde","1970","6.612","6.06"
"520","Côte d'Ivoire","1970","230.215","220.7"
"521","Gambia","1970","23.751","21.907"
"522","Ghana","1970","392.836","324.667"
"523","Guinea","1970","161.499","147.311"
"524","Guinea-Bissau","1970","25.891","23.346"
"525","Liberia","1970","58.073","55.944"
"526","Mali","1970","251.058","226.055"
"527","Mauritania","1970","45.903","39.051"
"528","Niger","1970","184.751","161.883"
"529","Nigeria","1970","2470.21","2176.764"
"530","Senegal","1970","175.035","158.8"
"531","Sierra Leone","1970","111.912","101.229"
"532","Togo","1970","86.215","74.563"
"533","ASIA","1970","89264.739","74519.84"
"534","Eastern Asia","1970","42669.734","34354.257"
"535","China","1970","34596.927","27435.831"
"536","China, Hong Kong SAR","1970","184.399","104.6"
"537","China, Macao SAR","1970","12.315","5.248"
"538","Dem. People's Republic of Korea","1970","681.89","706.36"
"539","Japan","1970","5283.53","4504.271"
"540","Mongolia","1970","41.057","38.225"
"541","Republic of Korea","1970","1298.692","1096.828"
"542","Other non-specified areas","1970","570.924","462.894"
"543","South-Central Asia","1970","32245.796","27966.535"
"544","Central Asia","1970","1048.889","903.17"
"545","Kazakhstan","1970","484.848","384.299"
"546","Kyrgyzstan","1970","84.965","72.408"
"547","Tajikistan","1970","77.836","77.72"
"548","Turkmenistan","1970","72.14","58.361"
"549","Uzbekistan","1970","329.1","310.382"
"550","Southern Asia","1970","31196.907","27063.365"
"551","Afghanistan","1970","569.973","474.117"
"552","Bangladesh","1970","2695.637","2333.02"
"553","Bhutan","1970","13.096","11.696"
"554","India","1970","23228.618","20082.138"
"555","Iran (Islamic Republic of)","1970","1084.652","859.684"
"556","Maldives","1970","3.044","3.89"
"557","Nepal","1970","507.818","479.028"
"558","Pakistan","1970","2499.14","2341.951"
"559","Sri Lanka","1970","594.929","477.841"
"560","South-Eastern Asia","1970","10854.947","9432.728"
"561","Brunei Darussalam","1970","4.171","4.162"
"562","Cambodia","1970","306","262"
"563","Indonesia","1970","4389.262","4117.552"
"564","Lao People's Democratic Republic","1970","113.699","94.263"
"565","Malaysia","1970","458.178","353.144"
"566","Myanmar","1970","1001.027","797.226"
"567","Philippines","1970","1528.391","1238.001"
"568","Singapore","1970","103.199","66.6"
"569","Thailand","1970","1542.395","1296.645"
"570","Timor-Leste","1970","28.667","23.321"
"571","Viet Nam","1970","1379.958","1179.814"
"572","Western Asia","1970","3494.262","2766.32"
"573","Armenia","1970","83.053","60.134"
"574","Azerbaijan","1970","145.891","111.595"
"575","Bahrain","1970","9.365","9.195"
"576","Cyprus","1970","25.413","20.331"
"577","Georgia","1970","146.144","127.532"
"578","Iraq","1970","363.94","328.607"
"579","Israel","1970","132.834","89.674"
"580","Jordan","1970","77.354","66.216"
"581","Kuwait","1970","44.849","45.887"
"582","Lebanon","1970","95.583","75.281"
"583","Occupied Palestinian Territory","1970","52.833","40.856"
"584","Oman","1970","32.985","25.885"
"585","Qatar","1970","9.074","9.197"
"586","Saudi Arabia","1970","256.976","216.062"
"587","Syrian Arab Republic","1970","248.242","193.765"
"588","Turkey","1970","1466.826","1111.99"
"589","United Arab Emirates","1970","18.398","22.058"
"590","Yemen","1970","284.502","212.055"
"591","EUROPE","1970","24863.879","20754.545"
"592","Eastern Europe","1970","10513.109","8128.684"
"593","Belarus","1970","300.548","249.788"
"594","Bulgaria","1970","349.02","288.994"
"595","Czech Republic","1970","435.616","353.585"
"596","Hungary","1970","401.581","368.64"
"597","Poland","1970","1438.656","958.123"
"598","Republic of Moldova","1970","107.626","107.63"
"599","Romania","1970","764.939","644.722"
"600","Russian Federation","1970","5001.022","3565.128"
"601","Slovakia","1970","183.214","149.875"
"602","Ukraine","1970","1530.887","1442.199"
"603","Northern Europe","1970","3460.023","2950.32"
"604","Channel Islands","1970","4.714","4.105"
"605","Denmark","1970","213.965","192.901"
"606","Estonia","1970","53.325","48.616"
"607","Finland","1970","230","163"
"608","Iceland","1970","9.043","7.093"
"609","Ireland","1970","109.757","85.468"
"610","Latvia","1970","86.058","86.318"
"611","Lithuania","1970","108.428","111.316"
"612","Norway","1970","162.31","130.247"
"613","Sweden","1970","338.208","318.198"
"614","United Kingdom","1970","2140.582","1800.234"
"615","Southern Europe","1970","4863.995","4003.545"
"616","Albania","1970","83.906","76.914"
"617","Bosnia and Herzegovina","1970","154.8","104.8"
"618","Croatia","1970","181.04","133.922"
"619","Greece","1970","328.2","244.5"
"620","Italy","1970","1977.432","1704.394"
"621","Malta","1970","16.491","7.535"
"622","Montenegro","1970","21.599","15.908"
"623","Portugal","1970","297.966","246.603"
"624","Serbia","1970","360.558","253.972"
"625","Slovenia","1970","74.277","60.302"
"626","Spain","1970","1290.183","1095.68"
"627","TFYR Macedonia","1970","74.111","55.991"
"628","Western Europe","1970","6026.752","5671.996"
"629","Austria","1970","258.533","274.782"
"630","Belgium","1970","364.372","289.431"
"631","France","1970","2144.585","1539.85"
"632","Germany","1970","2391.669","2829.332"
"633","Luxembourg","1970","11.557","11.541"
"634","Netherlands","1970","598.42","471.313"
"635","Switzerland","1970","255.922","254.099"
"636","LATIN AMERICA AND THE CARIBBEAN","1970","11887.045","9773.315"
"637","Caribbean","1970","984.515","839.231"
"638","Aruba","1970","2.527","2.121"
"639","Bahamas","1970","6.33","6.129"
"640","Barbados","1970","10.023","5.812"
"641","Cuba","1970","348.463","321.155"
"642","Dominican Republic","1970","169.45","135.516"
"643","Grenada","1970","3.099","2.006"
"644","Guadeloupe","1970","13.5","7.7"
"645","Haiti","1970","184.493","167.841"
"646","Jamaica","1970","58.999","47.999"
"647","Martinique","1970","11.8","8.9"
"648","Netherlands Antilles","1970","7.674","5.504"
"649","Puerto Rico","1970","108.201","84.899"
"650","Saint Lucia","1970","2.968","2.175"
"651","Saint Vincent and the Grenadines","1970","3.572","2.084"
"652","Trinidad and Tobago","1970","41.324","29.415"
"653","United States Virgin Islands","1970","3.125","3.139"
"654","Central America","1970","2741.015","2275.786"
"655","Belize","1970","4.84","3.341"
"656","Costa Rica","1970","73.687","56.737"
"657","El Salvador","1970","150.692","124.68"
"658","Guatemala","1970","246.103","189.12"
"659","Honduras","1970","108.169","86.396"
"660","Mexico","1970","2004.402","1680.198"
"661","Nicaragua","1970","88.831","81.497"
"662","Panama","1970","64.291","53.817"
"663","South America","1970","8161.515","6658.298"
"664","Argentina","1970","998.772","888.019"
"665","Bolivia (Plurinational State of)","1970","179.651","147.32"
"666","Brazil","1970","4141.186","3352.535"
"667","Chile","1970","402.584","350.09"
"668","Colombia","1970","933.464","679.178"
"669","Ecuador","1970","241.002","202.589"
"670","French Guiana","1970","2.241","1.957"
"671","Guyana","1970","27.711","19.336"
"672","Paraguay","1970","103.169","77.561"
"673","Peru","1970","551.057","468.392"
"674","Suriname","1970","13.4","9.4"
"675","Uruguay","1970","106.181","97.96"
"676","Venezuela (Bolivarian Republic of)","1970","460.948","363.85"
"677","NORTHERN AMERICA","1970","9293.41","7878.264"
"678","Canada","1970","965.881","803.258"
"679","United States of America","1970","8323.031","7070.277"
"680","OCEANIA","1970","862.557","710.865"
"681","Australia/New Zealand","1970","682.513","559.275"
"682","Australia","1970","564.781","467.138"
"683","New Zealand","1970","117.732","92.137"
"684","Melanesia","1970","150.544","128.881"
"685","Fiji","1970","24.718","19.627"
"686","New Caledonia","1970","4.883","4.383"
"687","Papua New Guinea","1970","110.505","95.642"
"688","Solomon Islands","1970","6.734","6.008"
"689","Vanuatu","1970","3.704","3.221"
"690","Micronesia","1970","13.079","8.707"
"691","Guam","1970","6.668","3.583"
"692","Micronesia (Fed. States of)","1970","2.383","2.086"
"693","Polynesia","1970","16.421","14.002"
"694","French Polynesia","1970","3.876","3.854"
"695","Samoa","1970","6.334","5.593"
"696","Tonga","1970","3.503","2.707"
"697","WORLD","1980","202544.65","183944.426"
"698","More developed regions","1980","45502.599","43511.078"
"699","Less developed regions","1980","157042.051","140433.348"
"700","Least developed countries","1980","16895.583","13545.678"
"701","Less developed regions, excluding least developed countries","1980","140146.468","126887.67"
"702","Less developed regions, excluding China","1980","109898.678","92074.105"
"703","Sub-Saharan Africa","1980","16599.04","13863.348"
"704","AFRICA","1980","20842.405","17213.42"
"705","Eastern Africa","1980","6099.501","5013.231"
"706","Burundi","1980","196.9","157"
"707","Comoros","1980","14.806","11.804"
"708","Djibouti","1980","14.872","12.235"
"709","Eritrea","1980","82.3","72.9"
"710","Ethiopia","1980","1484.662","1252.262"
"711","Kenya","1980","692.36","552.822"
"712","Madagascar","1980","377.085","311.527"
"713","Malawi","1980","250","202.946"
"714","Mauritius","1980","44.788","39.126"
"715","Mayotte","1980","2.304","1.999"
"716","Mozambique","1980","519.19","430.879"
"717","Réunion","1980","24.621","17.415"
"718","Rwanda","1980","225.079","180.511"
"719","Somalia","1980","277.495","231.495"
"720","Uganda","1980","537.622","443.956"
"721","United Republic of Tanzania","1980","800.109","649.292"
"722","Zambia","1980","238.482","193.477"
"723","Zimbabwe","1980","313.809","249.239"
"724","Middle Africa","1980","2239.925","1871.329"
"725","Angola","1980","325.886","265.252"
"726","Cameroon","1980","370.109","315.335"
"727","Central African Republic","1980","93.672","76.876"
"728","Chad","1980","189.841","161.588"
"729","Congo","1980","74.941","61.861"
"730","Democratic Republic of the Congo","1980","1143.887","955.402"
"731","Equatorial Guinea","1980","10.478","5.477"
"732","Gabon","1980","27.25","26.885"
"733","Sao Tome and Principe","1980","3.861","2.653"
"734","Northern Africa","1980","5111.266","4073.601"
"735","Algeria","1980","810.38","685.504"
"736","Egypt","1980","1999.113","1566.879"
"737","Libyan Arab Jamahiriya","1980","139","129.4"
"738","Morocco","1980","967.4","726.6"
"739","Sudan","1980","867.901","723.529"
"740","Tunisia","1980","318.395","233.225"
"741","Western Sahara","1980","9.077","8.464"
"742","Southern Africa","1980","1514.369","1285.864"
"743","Botswana","1980","46.73","39.462"
"744","Lesotho","1980","56.316","40.723"
"745","Namibia","1980","40.066","31.59"
"746","South Africa","1980","1348.008","1158.299"
"747","Swaziland","1980","23.249","15.79"
"748","Western Africa","1980","5877.344","4969.395"
"749","Benin","1980","145.496","117.271"
"750","Burkina Faso","1980","304.737","229.915"
"751","Cape Verde","1980","11.654","6.381"
"752","Côte d'Ivoire","1980","366.072","336.011"
"753","Gambia","1980","28.896","24.722"
"754","Ghana","1980","471.977","372.093"
"755","Guinea","1980","195.309","166.638"
"756","Guinea-Bissau","1980","33.344","36.876"
"757","Liberia","1980","81.432","65.796"
"758","Mali","1980","312.198","258.087"
"759","Mauritania","1980","68.869","53.649"
"760","Niger","1980","164.803","212.105"
"761","Nigeria","1980","3243.359","2719.294"
"762","Senegal","1980","211.513","169.301"
"763","Sierra Leone","1980","128.526","111.454"
"764","Togo","1980","108.882","89.591"
"765","ASIA","1980","123085.01","113551.891"
"766","Eastern Asia","1980","54035.361","54961.205"
"767","China","1980","45783.253","47205.07"
"768","China, Hong Kong SAR","1980","350.404","262.503"
"769","China, Macao SAR","1980","16.877","13.018"
"770","Dem. People's Republic of Korea","1980","829.61","476.51"
"771","Japan","1980","3926.578","4550.095"
"772","Mongolia","1980","68.106","54.792"
"773","Republic of Korea","1980","2067.694","1520.565"
"774","Other non-specified areas","1980","992.839","878.652"
"775","South-Central Asia","1980","46707.222","40062.101"
"776","Central Asia","1980","2047.686","1589.003"
"777","Kazakhstan","1980","754.583","633.937"
"778","Kyrgyzstan","1980","180.242","137.798"
"779","Tajikistan","1980","178.749","133.434"
"780","Turkmenistan","1980","145.553","105.164"
"781","Uzbekistan","1980","788.559","578.67"
"782","Southern Asia","1980","44659.536","38473.098"
"783","Afghanistan","1980","644.195","541.07"
"784","Bangladesh","1980","3442.234","2299.721"
"785","Bhutan","1980","18.663","17.172"
"786","India","1980","33793.694","30049.397"
"787","Iran (Islamic Republic of)","1980","1841.625","1520.865"
"788","Maldives","1980","7.049","4.58"
"789","Nepal","1980","669.904","561.64"
"790","Pakistan","1980","3488.163","2859.34"
"791","Sri Lanka","1980","754.009","619.313"
"792","South-Eastern Asia","1980","17095.209","13844.8"
"793","Brunei Darussalam","1980","9.959","10.634"
"794","Cambodia","1980","300.004","246.017"
"795","Indonesia","1980","7061.606","5483.031"
"796","Lao People's Democratic Republic","1980","138.997","113.205"
"797","Malaysia","1980","667.842","552.511"
"798","Myanmar","1980","1537.059","1333.165"
"799","Philippines","1980","2346.495","1993.969"
"800","Singapore","1980","152.839","129.433"
"801","Thailand","1980","2318.891","1898.744"
"802","Timor-Leste","1980","30.928","25.374"
"803","Viet Nam","1980","2530.589","2058.717"
"804","Western Asia","1980","5247.218","4683.785"
"805","Armenia","1980","175.405","127.027"
"806","Azerbaijan","1980","340.38","218.302"
"807","Bahrain","1980","26.788","30.634"
"808","Cyprus","1980","37.233","31.716"
"809","Georgia","1980","216.113","182.885"
"810","Iraq","1980","562.997","550.747"
"811","Israel","1980","157.29","159.817"
"812","Jordan","1980","103.551","68.951"
"813","Kuwait","1980","74.947","87.919"
"814","Lebanon","1980","127.296","105.243"
"815","Occupied Palestinian Territory","1980","60.891","48.333"
"816","Oman","1980","51.698","56.36"
"817","Qatar","1980","17.347","20.044"
"818","Saudi Arabia","1980","461.041","486.553"
"819","Syrian Arab Republic","1980","385.11","297.113"
"820","Turkey","1980","2014.558","1803.49"
"821","United Arab Emirates","1980","92.421","143.863"
"822","Yemen","1980","342.152","264.788"
"823","EUROPE","1980","28727.164","27209.133"
"824","Eastern Europe","1980","13261.674","12620.163"
"825","Belarus","1980","436.305","373.434"
"826","Bulgaria","1980","322.668","327.83"
"827","Czech Republic","1980","370.626","424.331"
"828","Hungary","1980","400.449","456.344"
"829","Poland","1980","1709.276","1699.038"
"830","Republic of Moldova","1980","179.431","167.985"
"831","Romania","1980","893.989","898.275"
"832","Russian Federation","1980","6673.405","6177.127"
"833","Slovakia","1980","225.535","221.847"
"834","Ukraine","1980","2049.99","1873.952"
"835","Northern Europe","1980","3413.59","3212.862"
"836","Channel Islands","1980","4.731","4.914"
"837","Denmark","1980","190.166","191.441"
"838","Estonia","1980","61.323","58.969"
"839","Finland","1980","196.845","208.747"
"840","Iceland","1980","11.086","9.674"
"841","Ireland","1980","138.209","123.752"
"842","Latvia","1980","102.467","93.803"
"843","Lithuania","1980","147.648","124.07"
"844","Norway","1980","158.26","155.849"
"845","Sweden","1980","284.043","298.517"
"846","United Kingdom","1980","2115.104","1939.957"
"847","Southern Europe","1980","5296.14","4891.895"
"848","Albania","1980","141.563","108.737"
"849","Bosnia and Herzegovina","1980","206.072","187.099"
"850","Croatia","1980","176.796","187.87"
"851","Greece","1980","354.478","329.364"
"852","Italy","1980","2012.236","1865.684"
"853","Malta","1980","16.526","16.039"
"854","Montenegro","1980","28.211","25.462"
"855","Portugal","1980","379.51","334.673"
"856","Serbia","1980","356.878","399.355"
"857","Slovenia","1980","73.13","80.959"
"858","Spain","1980","1460.26","1269.142"
"859","TFYR Macedonia","1980","86.175","82.853"
"860","Western Europe","1980","6755.76","6484.213"
"861","Austria","1980","296.179","255.515"
"862","Belgium","1980","397.934","379.427"
"863","France","1980","2120.87","2151.288"
"864","Germany","1980","3088.41","2865.103"
"865","Luxembourg","1980","14.407","14.541"
"866","Netherlands","1980","606.467","587.285"
"867","Switzerland","1980","229.736","229.027"
"868","LATIN AMERICA AND THE CARIBBEAN","1980","16803.895","14019.203"
"869","Caribbean","1980","1311.039","1104.452"
"870","Aruba","1980","3.098","2.443"
"871","Bahamas","1980","10.799","8.353"
"872","Barbados","1980","12.858","10.313"
"873","Cuba","1980","404.982","389.56"
"874","Dominican Republic","1980","277.843","213.875"
"875","Grenada","1980","4.086","2.942"
"876","Guadeloupe","1980","15.372","10.822"
"877","Haiti","1980","250.574","205.028"
"878","Jamaica","1980","96.3","70.801"
"879","Martinique","1980","16.496","10.43"
"880","Netherlands Antilles","1980","8.344","6.875"
"881","Puerto Rico","1980","129.242","110.819"
"882","Saint Lucia","1980","4.839","3.296"
"883","Saint Vincent and the Grenadines","1980","4.886","2.916"
"884","Trinidad and Tobago","1980","56.215","43.851"
"885","United States Virgin Islands","1980","3.047","2.707"
"886","Central America","1980","4164.202","3283.367"
"887","Belize","1980","6.375","4.223"
"888","Costa Rica","1980","125.752","101.877"
"889","El Salvador","1980","191.571","152.519"
"890","Guatemala","1980","296.942","255.944"
"891","Honduras","1980","161.012","128.466"
"892","Mexico","1980","3137.556","2445.264"
"893","Nicaragua","1980","154.744","120.319"
"894","Panama","1980","90.25","74.755"
"895","South America","1980","11328.654","9631.384"
"896","Argentina","1980","1090.874","1054.587"
"897","Bolivia (Plurinational State of)","1980","235.254","195.012"
"898","Brazil","1980","5883.89","4968.827"
"899","Chile","1980","574.344","456.12"
"900","Colombia","1980","1345.739","1095.446"
"901","Ecuador","1980","365.019","310.85"
"902","French Guiana","1980","3.594","3.287"
"903","Guyana","1980","37.482","28.456"
"904","Paraguay","1980","149.21","125.554"
"905","Peru","1980","790.004","652.41"
"906","Suriname","1980","17.983","12.531"
"907","Uruguay","1980","109.499","99.027"
"908","Venezuela (Bolivarian Republic of)","1980","725.697","629.234"
"909","NORTHERN AMERICA","1980","12068.085","11021.933"
"910","Canada","1980","1223.893","1106.588"
"911","United States of America","1980","10838.27","9910.192"
"912","OCEANIA","1980","1018.091","928.846"
"913","Australia/New Zealand","1980","780.772","729.917"
"914","Australia","1980","644.368","611.38"
"915","New Zealand","1980","136.404","118.537"
"916","Melanesia","1980","198.573","168"
"917","Fiji","1980","32.606","25.585"
"918","New Caledonia","1980","6.352","5.412"
"919","Papua New Guinea","1980","144.973","125.257"
"920","Solomon Islands","1980","9.261","7.366"
"921","Vanuatu","1980","5.381","4.38"
"922","Micronesia","1980","14.92","12.516"
"923","Guam","1980","6.042","5.214"
"924","Micronesia (Fed. States of)","1980","3.203","2.652"
"925","Polynesia","1980","23.826","18.413"
"926","French Polynesia","1980","7.787","6.12"
"927","Samoa","1980","8.736","7.172"
"928","Tonga","1980","4.219","2.826"
"929","WORLD","1990","249650.901","220026.996"
"930","More developed regions","1990","43250.392","45268.806"
"931","Less developed regions","1990","206400.509","174758.19"
"932","Least developed countries","1990","23021.679","19212.726"
"933","Less developed regions, excluding least developed countries","1990","183378.83","155545.464"
"934","Less developed regions, excluding China","1990","139637.347","122335.506"
"935","Sub-Saharan Africa","1990","22291.984","18531.31"
"936","AFRICA","1990","27771.732","23154.44"
"937","Eastern Africa","1990","8400.332","6870.236"
"938","Burundi","1990","252.202","223.427"
"939","Comoros","1990","19.399","16.366"
"940","Djibouti","1990","25.87","21.44"
"941","Eritrea","1990","130.43","93.849"
"942","Ethiopia","1990","2107.833","1744.466"
"943","Kenya","1990","1025.008","821.702"
"944","Madagascar","1990","506.855","420.699"
"945","Malawi","1990","391.631","347.713"
"946","Mauritius","1990","60.151","59.752"
"947","Mayotte","1990","4.218","3.298"
"948","Mozambique","1990","542.55","388.2"
"949","Réunion","1990","32.849","28.068"
"950","Rwanda","1990","292.125","242.099"
"951","Somalia","1990","296.253","243.375"
"952","Uganda","1990","767.735","615.667"
"953","United Republic of Tanzania","1990","1113.788","914.401"
"954","Zambia","1990","352.342","282.547"
"955","Zimbabwe","1990","475.692","399.936"
"956","Middle Africa","1990","3016.324","2505.496"
"957","Angola","1990","440.144","367.989"
"958","Cameroon","1990","517.338","423.504"
"959","Central African Republic","1990","122.346","103.678"
"960","Chad","1990","244.221","203.913"
"961","Congo","1990","106.668","86.996"
"962","Democratic Republic of the Congo","1990","1524.551","1261.059"
"963","Equatorial Guinea","1990","20.077","21.028"
"964","Gabon","1990","36.136","33.409"
"965","Sao Tome and Principe","1990","4.843","3.92"
"966","Northern Africa","1990","6659.675","5596.303"
"967","Algeria","1990","1213.864","1022.833"
"968","Egypt","1990","2496.008","2120.875"
"969","Libyan Arab Jamahiriya","1990","204.752","172.138"
"970","Morocco","1990","1158.049","951.841"
"971","Sudan","1990","1179.927","973.173"
"972","Tunisia","1990","396.759","345.219"
"973","Western Sahara","1990","10.316","10.224"
"974","Southern Africa","1990","1946.126","1660.076"
"975","Botswana","1990","61.945","52.559"
"976","Lesotho","1990","68.492","49.273"
"977","Namibia","1990","65.699","53.481"
"978","South Africa","1990","1716.37","1480.248"
"979","Swaziland","1990","33.62","24.515"
"980","Western Africa","1990","7749.275","6522.329"
"981","Benin","1990","199.301","163.967"
"982","Burkina Faso","1990","417.333","318.273"
"983","Cape Verde","1990","15.219","13.901"
"984","Côte d'Ivoire","1990","526.634","470.467"
"985","Gambia","1990","46.198","36.999"
"986","Ghana","1990","689.31","565.926"
"987","Guinea","1990","249.748","210.013"
"988","Guinea-Bissau","1990","32.734","33.868"
"989","Liberia","1990","93.426","77.235"
"990","Mali","1990","370.827","275.736"
"991","Mauritania","1990","91.966","74.764"
"992","Niger","1990","256.034","296.89"
"993","Nigeria","1990","4116.014","3470.833"
"994","Senegal","1990","319.627","244.073"
"995","Sierra Leone","1990","166.233","140.827"
"996","Togo","1990","158.372","128.334"
"997","ASIA","1990","162038.925","136710.533"
"998","Eastern Asia","1990","74685.42","59585.306"
"999","China","1990","65491.615","51078.633"
"1000","China, Hong Kong SAR","1990","247.704","311.701"
"1001","China, Macao SAR","1990","12.645","17.448"
"1002","Dem. People's Republic of Korea","1990","1144.35","864.6"
"1003","Japan","1990","4418.488","4041.046"
"1004","Mongolia","1990","105.958","93.45"
"1005","Republic of Korea","1990","2253.462","2163.526"
"1006","Other non-specified areas","1990","1011.198","1014.902"
"1007","South-Central Asia","1990","58479.228","51538.397"
"1008","Central Asia","1990","2169.845","2187.372"
"1009","Kazakhstan","1990","672.042","734.976"
"1010","Kyrgyzstan","1990","187.151","185.885"
"1011","Tajikistan","1990","231.397","219.374"
"1012","Turkmenistan","1990","172.291","158.127"
"1013","Uzbekistan","1990","906.964","889.01"
"1014","Southern Asia","1990","56309.383","49351.025"
"1015","Afghanistan","1990","590.413","488.182"
"1016","Bangladesh","1990","5353.933","4582.54"
"1017","Bhutan","1990","22.971","19.418"
"1018","India","1990","41507.582","36730.774"
"1019","Iran (Islamic Republic of)","1990","2248.872","1849.438"
"1020","Maldives","1990","9.55","7.904"
"1021","Nepal","1990","861.812","708.856"
"1022","Pakistan","1990","4880.951","4211.22"
"1023","Sri Lanka","1990","833.299","752.693"
"1024","South-Eastern Asia","1990","21952.351","19277.3"
"1025","Brunei Darussalam","1990","10.448","12.788"
"1026","Cambodia","1990","421.22","357.835"
"1027","Indonesia","1990","9253.928","8036.35"
"1028","Lao People's Democratic Republic","1990","192.857","159.417"
"1029","Malaysia","1990","839.054","827.933"
"1030","Myanmar","1990","1903.674","1638.387"
"1031","Philippines","1990","2969.274","2597.003"
"1032","Singapore","1990","152.935","172.725"
"1033","Thailand","1990","2991.052","2575.18"
"1034","Timor-Leste","1990","38.729","31.517"
"1035","Viet Nam","1990","3179.18","2868.165"
"1036","Western Asia","1990","6921.926","6309.53"
"1037","Armenia","1990","140.712","161.738"
"1038","Azerbaijan","1990","327.838","329.737"
"1039","Bahrain","1990","23.769","35.239"
"1040","Cyprus","1990","36.724","33.526"
"1041","Georgia","1990","204.215","222.273"
"1042","Iraq","1990","790.48","500.642"
"1043","Israel","1990","181.376","167.119"
"1044","Jordan","1990","179.718","133.697"
"1045","Kuwait","1990","73.371","81.557"
"1046","Lebanon","1990","141.605","121.352"
"1047","Occupied Palestinian Territory","1990","97.319","78.031"
"1048","Oman","1990","80.014","86.487"
"1049","Qatar","1990","22.637","37.413"
"1050","Saudi Arabia","1990","935.686","993.459"
"1051","Syrian Arab Republic","1990","570.764","454.935"
"1052","Turkey","1990","2520.641","2346.753"
"1053","United Arab Emirates","1990","101.883","128.468"
"1054","Yemen","1990","493.174","397.104"
"1055","EUROPE","1990","27040.228","28271.202"
"1056","Eastern Europe","1990","10501.333","11594.18"
"1057","Belarus","1990","340.205","413.752"
"1058","Bulgaria","1990","299.674","294.369"
"1059","Czech Republic","1990","348.453","341.654"
"1060","Hungary","1990","352.237","311.36"
"1061","Poland","1990","1258.02","1353.928"
"1062","Republic of Moldova","1990","147.067","164.251"
"1063","Romania","1990","1006.055","713.569"
"1064","Russian Federation","1990","4844.242","5922.016"
"1065","Slovakia","1990","192.745","203.405"
"1066","Ukraine","1990","1712.635","1875.876"
"1067","Northern Europe","1990","3597.605","3659.135"
"1068","Channel Islands","1990","5.491","6.273"
"1069","Denmark","1990","203.296","206.314"
"1070","Estonia","1990","54.649","56.884"
"1071","Finland","1990","177.519","192.863"
"1072","Iceland","1990","10.618","10.996"
"1073","Ireland","1990","136.704","124.449"
"1074","Latvia","1990","95.516","104.401"
"1075","Lithuania","1990","144.012","154.691"
"1076","Norway","1990","173.216","166.275"
"1077","Sweden","1990","311.195","310.593"
"1078","United Kingdom","1990","2280.835","2321.055"
"1079","Southern Europe","1990","5821.011","5627.976"
"1080","Albania","1990","162.75","160.067"
"1081","Bosnia and Herzegovina","1990","195.099","196.904"
"1082","Croatia","1990","154","161.7"
"1083","Greece","1990","395.948","355.872"
"1084","Italy","1990","2335.662","2287.625"
"1085","Malta","1990","12.425","15.479"
"1086","Montenegro","1990","25.591","25.263"
"1087","Portugal","1990","385.341","363.009"
"1088","Serbia","1990","347.279","344.071"
"1089","Slovenia","1990","72.327","74.925"
"1090","Spain","1990","1650.057","1559.783"
"1091","TFYR Macedonia","1990","80.45","78.8"
"1092","Western Europe","1990","7120.279","7389.911"
"1093","Austria","1990","326.253","343.411"
"1094","Belgium","1990","376.786","402.091"
"1095","France","1990","2151.524","2151.427"
"1096","Germany","1990","3345.177","3538.733"
"1097","Luxembourg","1990","14.455","16.764"
"1098","Netherlands","1990","644.837","660.147"
"1099","Switzerland","1990","259.202","275.038"
"1100","LATIN AMERICA AND THE CARIBBEAN","1990","20700.28","18673.391"
"1101","Caribbean","1990","1647","1518.06"
"1102","Aruba","1990","2.289","2.686"
"1103","Bahamas","1990","12.886","13.242"
"1104","Barbados","1990","12.507","13.168"
"1105","Cuba","1990","583.398","566.175"
"1106","Dominican Republic","1990","346.76","303.734"
"1107","Grenada","1990","3.797","3.607"
"1108","Guadeloupe","1990","17.017","17.893"
"1109","Haiti","1990","304.706","262.869"
"1110","Jamaica","1990","116.657","97.352"
"1111","Martinique","1990","16.445","16.249"
"1112","Netherlands Antilles","1990","7.722","9.018"
"1113","Puerto Rico","1990","141.231","129.222"
"1114","Saint Lucia","1990","6.208","5.448"
"1115","Saint Vincent and the Grenadines","1990","5.331","4.898"
"1116","Trinidad and Tobago","1990","53.643","57.275"
"1117","United States Virgin Islands","1990","3.536","3.5"
"1118","Central America","1990","5341.391","4376.302"
"1119","Belize","1990","9.157","7.855"
"1120","Costa Rica","1990","150.186","152.849"
"1121","El Salvador","1990","233.478","177.642"
"1122","Guatemala","1990","381.972","303.896"
"1123","Honduras","1990","226.288","182.592"
"1124","Mexico","1990","4038.824","3295.583"
"1125","Nicaragua","1990","178.604","150.708"
"1126","Panama","1990","122.882","105.177"
"1127","South America","1990","13711.889","12779.029"
"1128","Argentina","1990","1242.552","1166.964"
"1129","Bolivia (Plurinational State of)","1990","295.853","246.774"
"1130","Brazil","1990","6968.419","6691.088"
"1131","Chile","1990","624.894","638.236"
"1132","Colombia","1990","1718.831","1500.009"
"1133","Ecuador","1990","494.223","422.091"
"1134","French Guiana","1990","4.889","6.174"
"1135","Guyana","1990","37.399","33.005"
"1136","Paraguay","1990","196.902","168.716"
"1137","Peru","1990","1044.123","903.228"
"1138","Suriname","1990","21.749","20.9"
"1139","Uruguay","1990","114.174","110.5"
"1140","Venezuela (Bolivarian Republic of)","1990","947.788","871.262"
"1141","NORTHERN AMERICA","1990","10958.304","12106.174"
"1142","Canada","1990","1081.239","1308.276"
"1143","United States of America","1990","9871.253","10791.261"
"1144","OCEANIA","1990","1141.432","1111.256"
"1145","Australia/New Zealand","1990","833.372","850.384"
"1146","Australia","1990","696.265","713.122"
"1147","New Zealand","1990","137.107","137.262"
"1148","Melanesia","1990","258.114","218.774"
"1149","Fiji","1990","33.602","33.131"
"1150","New Caledonia","1990","7.568","6.609"
"1151","Papua New Guinea","1990","196.8","161.676"
"1152","Solomon Islands","1990","14.04","11.802"
"1153","Vanuatu","1990","6.104","5.556"
"1154","Micronesia","1990","21.049","18.886"
"1155","Guam","1990","8.376","7.351"
"1156","Micronesia (Fed. States of)","1990","4.525","3.554"
"1157","Polynesia","1990","28.897","23.212"
"1158","French Polynesia","1990","10.07","9.022"
"1159","Samoa","1990","8.651","6.543"
"1160","Tonga","1990","5.945","3.818"
"1161","WORLD","2000","262991.519","256377.544"
"1162","More developed regions","2000","41601.201","42747.33"
"1163","Less developed regions","2000","221390.318","213630.214"
"1164","Least developed countries","2000","30176.641","25171.555"
"1165","Less developed regions, excluding least developed countries","2000","191213.677","188458.659"
"1166","Less developed regions, excluding China","2000","171814.259","150180.44"
"1167","Sub-Saharan Africa","2000","30760.725","25150.482"
"1168","AFRICA","2000","37751.372","30820.262"
"1169","Eastern Africa","2000","11508.645","9277.255"
"1170","Burundi","2000","268.562","197.79"
"1171","Comoros","2000","27.917","22.192"
"1172","Djibouti","2000","34.326","29.293"
"1173","Eritrea","2000","214.156","153.669"
"1174","Ethiopia","2000","2755.83","2348.415"
"1175","Kenya","2000","1545.891","1228.315"
"1176","Madagascar","2000","696.914","585.616"
"1177","Malawi","2000","532.241","407.617"
"1178","Mauritius","2000","57.436","47.565"
"1179","Mayotte","2000","6.947","6.056"
"1180","Mozambique","2000","797.42","615.017"
"1181","Réunion","2000","29.642","28.287"
"1182","Rwanda","2000","365.732","269.341"
"1183","Somalia","2000","353.005","284.14"
"1184","Uganda","2000","1081.056","877.427"
"1185","United Republic of Tanzania","2000","1585.491","1280.363"
"1186","Zambia","2000","494.929","400.824"
"1187","Zimbabwe","2000","657.593","491.852"
"1188","Middle Africa","2000","4190.906","3414.786"
"1189","Angola","2000","601.863","483.034"
"1190","Cameroon","2000","729.168","592.207"
"1191","Central African Republic","2000","166.274","137.675"
"1192","Chad","2000","360.289","289.194"
"1193","Congo","2000","150.623","127.217"
"1194","Democratic Republic of the Congo","2000","2105.107","1716.202"
"1195","Equatorial Guinea","2000","15.711","18.49"
"1196","Gabon","2000","54.459","45.802"
"1197","Sao Tome and Principe","2000","7.412","4.965"
"1198","Northern Africa","2000","8572.884","6999.677"
"1199","Algeria","2000","1618.653","1366.993"
"1200","Egypt","2000","3217.765","2479.259"
"1201","Libyan Arab Jamahiriya","2000","300.561","253.425"
"1202","Morocco","2000","1367.071","1153.553"
"1203","Sudan","2000","1582.237","1329.897"
"1204","Tunisia","2000","470.935","401.239"
"1205","Western Sahara","2000","15.662","15.311"
"1206","Southern Africa","2000","2507.714","2223.15"
"1207","Botswana","2000","91.916","74.188"
"1208","Lesotho","2000","99.932","73.753"
"1209","Namibia","2000","92.766","80.692"
"1210","South Africa","2000","2175.439","1960.567"
"1211","Swaziland","2000","47.661","33.95"
"1212","Western Africa","2000","10971.223","8905.394"
"1213","Benin","2000","280.176","233.301"
"1214","Burkina Faso","2000","586.546","456.853"
"1215","Cape Verde","2000","19.434","15.52"
"1216","Côte d'Ivoire","2000","788.252","643.87"
"1217","Gambia","2000","60.65","45.628"
"1218","Ghana","2000","917.938","776.304"
"1219","Guinea","2000","371.662","307.638"
"1220","Guinea-Bissau","2000","53.154","53.507"
"1221","Liberia","2000","135.739","111.257"
"1222","Mali","2000","535.245","418.893"
"1223","Mauritania","2000","127.634","107.275"
"1224","Niger","2000","375.788","321.095"
"1225","Nigeria","2000","5854.323","4719.074"
"1226","Senegal","2000","450.688","359.485"
"1227","Sierra Leone","2000","187.724","150.875"
"1228","Togo","2000","226.063","184.606"
"1229","ASIA","2000","163418.38","165926.05"
"1230","Eastern Asia","2000","56779.238","71660.44"
"1231","China","2000","48328.723","62304.605"
"1232","China, Hong Kong SAR","2000","227.501","237"
"1233","China, Macao SAR","2000","12.741","13.171"
"1234","Dem. People's Republic of Korea","2000","762.549","1082.715"
"1235","Japan","2000","4293.249","4961.475"
"1236","Mongolia","2000","119.059","109.049"
"1237","Republic of Korea","2000","2028.322","2057.427"
"1238","Other non-specified areas","2000","1007.094","894.998"
"1239","South-Central Asia","2000","73075.069","63202.262"
"1240","Central Asia","2000","2481.415","2224.717"
"1241","Kazakhstan","2000","633.645","589.156"
"1242","Kyrgyzstan","2000","224.603","201.714"
"1243","Tajikistan","2000","270.068","234.05"
"1244","Turkmenistan","2000","209.664","184.928"
"1245","Uzbekistan","2000","1143.435","1014.869"
"1246","Southern Asia","2000","70593.654","60977.545"
"1247","Afghanistan","2000","1017.922","842.123"
"1248","Bangladesh","2000","6422.448","5405.531"
"1249","Bhutan","2000","26.995","20.762"
"1250","India","2000","50934.653","44909.9"
"1251","Iran (Islamic Republic of)","2000","3518.859","2694.22"
"1252","Maldives","2000","11.755","9.631"
"1253","Nepal","2000","1125.44","919.052"
"1254","Pakistan","2000","6664.706","5426.504"
"1255","Sri Lanka","2000","870.876","749.822"
"1256","South-Eastern Asia","2000","24735.886","22909.506"
"1257","Brunei Darussalam","2000","15.479","16.939"
"1258","Cambodia","2000","340.264","445.13"
"1259","Indonesia","2000","10667.745","9769.358"
"1260","Lao People's Democratic Republic","2000","245.759","207.285"
"1261","Malaysia","2000","1053.123","973.284"
"1262","Myanmar","2000","2212.386","2147.947"
"1263","Philippines","2000","3718.228","3145.823"
"1264","Singapore","2000","127.82","155.402"
"1265","Thailand","2000","2664.743","2618.695"
"1266","Timor-Leste","2000","27.718","29.561"
"1267","Viet Nam","2000","3662.621","3400.082"
"1268","Western Asia","2000","8828.187","8153.842"
"1269","Armenia","2000","113.202","90.896"
"1270","Azerbaijan","2000","318.271","298.364"
"1271","Bahrain","2000","32.434","41.285"
"1272","Cyprus","2000","44.106","38.532"
"1273","Georgia","2000","170.631","163.984"
"1274","Iraq","2000","1197.317","998.203"
"1275","Israel","2000","264.948","234.049"
"1276","Jordan","2000","254.771","233.316"
"1277","Kuwait","2000","94.469","145.869"
"1278","Lebanon","2000","163.519","148.832"
"1279","Occupied Palestinian Territory","2000","145.77","119.157"
"1280","Oman","2000","134.394","131.098"
"1281","Qatar","2000","22.603","38.881"
"1282","Saudi Arabia","2000","925.035","1191.418"
"1283","Syrian Arab Republic","2000","843.126","688.621"
"1284","Turkey","2000","3115.358","2743.609"
"1285","United Arab Emirates","2000","192.857","300.562"
"1286","Yemen","2000","795.376","547.166"
"1287","EUROPE","2000","25659.698","26100.572"
"1288","Eastern Europe","2000","11872.581","11037.819"
"1289","Belarus","2000","373.189","356.703"
"1290","Bulgaria","2000","303.842","292.115"
"1291","Czech Republic","2000","451.819","417.46"
"1292","Hungary","2000","423.834","390.687"
"1293","Poland","2000","1582.082","1393.133"
"1294","Republic of Moldova","2000","158.547","135.808"
"1295","Romania","2000","975.188","892.281"
"1296","Russian Federation","2000","5561.551","5232.977"
"1297","Slovakia","2000","241.83","214.65"
"1298","Ukraine","2000","1800.699","1712.005"
"1299","Northern Europe","2000","2928.744","3250.631"
"1300","Channel Islands","2000","4.136","4.885"
"1301","Denmark","2000","168.785","194.26"
"1302","Estonia","2000","48.556","47.242"
"1303","Finland","2000","167.542","155.785"
"1304","Iceland","2000","10.787","10.671"
"1305","Ireland","2000","157.961","147.064"
"1306","Latvia","2000","81.306","83.495"
"1307","Lithuania","2000","119.968","123.785"
"1308","Norway","2000","140.628","166.962"
"1309","Sweden","2000","264.967","301.079"
"1310","United Kingdom","2000","1760.404","2011.603"
"1311","Southern Europe","2000","5337.127","5717.397"
"1312","Albania","2000","103.472","103.535"
"1313","Bosnia and Herzegovina","2000","134.841","126.385"
"1314","Croatia","2000","159.059","150.28"
"1315","Greece","2000","441.628","439.389"
"1316","Italy","2000","1842.619","2206.728"
"1317","Malta","2000","15.584","13.484"
"1318","Montenegro","2000","24.977","22.635"
"1319","Portugal","2000","406.513","405.155"
"1320","Serbia","2000","389.551","373.486"
"1321","Slovenia","2000","78.231","74.797"
"1322","Spain","2000","1653.264","1718.432"
"1323","TFYR Macedonia","2000","83.487","78.5"
"1324","Western Europe","2000","5521.246","6094.725"
"1325","Austria","2000","237.183","277.66"
"1326","Belgium","2000","321.306","352.014"
"1327","France","2000","1891.885","2073.27"
"1328","Germany","2000","2365.79","2540.948"
"1329","Luxembourg","2000","12.836","15.606"
"1330","Netherlands","2000","483.24","594.741"
"1331","Switzerland","2000","207.19","238.364"
"1332","LATIN AMERICA AND THE CARIBBEAN","2000","24120.252","21491.064"
"1333","Caribbean","2000","1547.987","1557.129"
"1334","Aruba","2000","2.427","3.02"
"1335","Bahamas","2000","11.649","12.586"
"1336","Barbados","2000","9.923","10.863"
"1337","Cuba","2000","377.15","531.79"
"1338","Dominican Republic","2000","388.004","349.225"
"1339","Grenada","2000","4.687","3.884"
"1340","Guadeloupe","2000","13.648","14.861"
"1341","Haiti","2000","383.317","296.816"
"1342","Jamaica","2000","107.372","105.046"
"1343","Martinique","2000","10.754","12.615"
"1344","Netherlands Antilles","2000","4.359","5.247"
"1345","Puerto Rico","2000","149.741","133.303"
"1346","Saint Lucia","2000","6.924","6.119"
"1347","Saint Vincent and the Grenadines","2000","5.227","4.54"
"1348","Trinidad and Tobago","2000","59.818","52.767"
"1349","United States Virgin Islands","2000","2.776","2.866"
"1350","Central America","2000","6407.239","5790.546"
"1351","Belize","2000","10.986","10.194"
"1352","Costa Rica","2000","178.371","156.538"
"1353","El Salvador","2000","258.363","209.182"
"1354","Guatemala","2000","489.898","375.883"
"1355","Honduras","2000","287.367","229.997"
"1356","Mexico","2000","4803.755","4481.9"
"1357","Nicaragua","2000","243.55","194.092"
"1358","Panama","2000","134.949","132.76"
"1359","South America","2000","16165.026","14143.389"
"1360","Argentina","2000","1666.038","1390.062"
"1361","Bolivia (Plurinational State of)","2000","373.26","328.736"
"1362","Brazil","2000","8232.602","7192.987"
"1363","Chile","2000","592.256","624.382"
"1364","Colombia","2000","1853.992","1607.68"
"1365","Ecuador","2000","596.575","517.929"
"1366","French Guiana","2000","6.896","5.71"
"1367","Guyana","2000","32.483","30.788"
"1368","Paraguay","2000","244.331","198.884"
"1369","Peru","2000","1265.29","1114.755"
"1370","Suriname","2000","19.626","21.114"
"1371","Uruguay","2000","137.168","126.765"
"1372","Venezuela (Bolivarian Republic of)","2000","1144.415","983.488"
"1373","NORTHERN AMERICA","2000","10863.854","10831.676"
"1374","Canada","2000","1054.144","1061.306"
"1375","United States of America","2000","9805.978","9766.325"
"1376","OCEANIA","2000","1177.963","1207.92"
"1377","Australia/New Zealand","2000","784.4","853.607"
"1378","Australia","2000","657.782","723.44"
"1379","New Zealand","2000","126.618","130.167"
"1380","Melanesia","2000","347.433","311.392"
"1381","Fiji","2000","39.541","31.651"
"1382","New Caledonia","2000","9.213","9.314"
"1383","Papua New Guinea","2000","268.868","245.732"
"1384","Solomon Islands","2000","21.544","18.011"
"1385","Vanuatu","2000","8.267","6.684"
"1386","Micronesia","2000","19.358","18.487"
"1387","Guam","2000","5.986","6.261"
"1388","Micronesia (Fed. States of)","2000","4.892","3.485"
"1389","Polynesia","2000","26.772","24.434"
"1390","French Polynesia","2000","9.97","9.85"
"1391","Samoa","2000","8.04","7.191"
"1392","Tonga","2000","4.749","3.537"
"1393","WORLD","2010","311077.075","284258.384"
"1394","More developed regions","2010","42823.79","44357.356"
"1395","Less developed regions","2010","268253.285","239901.028"
"1396","Least developed countries","2010","39469.462","33857.764"
"1397","Less developed regions, excluding least developed countries","2010","228783.823","206043.264"
"1398","Less developed regions, excluding China","2010","204383.674","186815.098"
"1399","Sub-Saharan Africa","2010","40410.181","34229.891"
"1400","AFRICA","2010","48829.459","42051.396"
"1401","Eastern Africa","2010","15481.555","12780.24"
"1402","Burundi","2010","461","390.145"
"1403","Comoros","2010","32.304","32.864"
"1404","Djibouti","2010","45.855","38.873"
"1405","Eritrea","2010","253.804","230.931"
"1406","Ethiopia","2010","3961.699","3153.033"
"1407","Kenya","2010","2069.615","1782.276"
"1408","Madagascar","2010","923.267","724.153"
"1409","Malawi","2010","685.34","552.981"
"1410","Mauritius","2010","53.181","47.997"
"1411","Mayotte","2010","6.612","5.06"
"1412","Mozambique","2010","1057.865","890.694"
"1413","Réunion","2010","36.947","32.518"
"1414","Rwanda","2010","565.876","461.128"
"1415","Somalia","2010","398.376","316.134"
"1416","Uganda","2010","1513.472","1241.403"
"1417","United Republic of Tanzania","2010","2072.2","1755.54"
"1418","Zambia","2010","605.471","515.132"
"1419","Zimbabwe","2010","734.663","605.01"
"1420","Middle Africa","2010","5855.594","4805.689"
"1421","Angola","2010","848.181","697.125"
"1422","Cameroon","2010","959.626","827.36"
"1423","Central African Republic","2010","213.927","181.529"
"1424","Chad","2010","508.417","422.574"
"1425","Congo","2010","185.744","166.098"
"1426","Democratic Republic of the Congo","2010","3024.921","2414.94"
"1427","Equatorial Guinea","2010","32.362","24.636"
"1428","Gabon","2010","74.273","63.457"
"1429","Sao Tome and Principe","2010","8.143","7.97"
"1430","Northern Africa","2010","10440.953","9579.952"
"1431","Algeria","2010","1894.769","1848.536"
"1432","Egypt","2010","4138.373","3689.676"
"1433","Libyan Arab Jamahiriya","2010","295.741","347.508"
"1434","Morocco","2010","1535.767","1404.952"
"1435","Sudan","2010","2021.675","1758.447"
"1436","Tunisia","2010","528.465","503.489"
"1437","Western Sahara","2010","26.163","27.344"
"1438","Southern Africa","2010","2973.88","2790.024"
"1439","Botswana","2010","112.196","105.921"
"1440","Lesotho","2010","124.068","110.31"
"1441","Namibia","2010","113.316","97.516"
"1442","South Africa","2010","2552.728","2423.253"
"1443","Swaziland","2010","71.572","53.024"
"1444","Western Africa","2010","14077.477","12095.491"
"1445","Benin","2010","395.467","333.78"
"1446","Burkina Faso","2010","772.777","647.26"
"1447","Cape Verde","2010","28.323","23.408"
"1448","Côte d'Ivoire","2010","925.686","789.762"
"1449","Gambia","2010","80.577","69.704"
"1450","Ghana","2010","1174.71","1025.868"
"1451","Guinea","2010","464.835","387.498"
"1452","Guinea-Bissau","2010","69.506","61.021"
"1453","Liberia","2010","185.62","162.546"
"1454","Mali","2010","707.073","596.852"
"1455","Mauritania","2010","164.995","144.771"
"1456","Niger","2010","566.906","450.014"
"1457","Nigeria","2010","7393.195","6424.002"
"1458","Senegal","2010","598.645","495.14"
"1459","Sierra Leone","2010","255.969","230.437"
"1460","Togo","2010","293.061","253.261"
"1461","ASIA","2010","196228.057","176650.786"
"1462","Eastern Asia","2010","69950.095","59892.186"
"1463","China","2010","62787.72","51849.196"
"1464","China, Hong Kong SAR","2010","226.037","234.944"
"1465","China, Macao SAR","2010","22.547","20.486"
"1466","Dem. People's Republic of Korea","2010","936.665","926.291"
"1467","Japan","2010","3365.572","3842.817"
"1468","Mongolia","2010","159.715","131.302"
"1469","Republic of Korea","2010","1618.532","1905.846"
"1470","Other non-specified areas","2010","833.307","981.304"
"1471","South-Central Asia","2010","87732.591","79457.05"
"1472","Central Asia","2010","3292.424","2651.89"
"1473","Kazakhstan","2010","807.747","688.397"
"1474","Kyrgyzstan","2010","306.507","229.792"
"1475","Tajikistan","2010","386.513","271.911"
"1476","Turkmenistan","2010","271.886","224.047"
"1477","Uzbekistan","2010","1519.771","1237.743"
"1478","Southern Asia","2010","84440.167","76805.16"
"1479","Afghanistan","2010","1476.985","1197.069"
"1480","Bangladesh","2010","7397.927","6963.454"
"1481","Bhutan","2010","40.246","44.229"
"1482","India","2010","59548.797","54556.107"
"1483","Iran (Islamic Republic of)","2010","4605.724","4447.689"
"1484","Maldives","2010","19.875","16.212"
"1485","Nepal","2010","1481.542","1260.663"
"1486","Pakistan","2010","9031.543","7443.069"
"1487","Sri Lanka","2010","837.528","876.668"
"1488","South-Eastern Asia","2010","27393.639","26093.395"
"1489","Brunei Darussalam","2010","17.343","17.913"
"1490","Cambodia","2010","718.574","727.461"
"1491","Indonesia","2010","10869.276","10779.066"
"1492","Lao People's Democratic Republic","2010","332.209","264.711"
"1493","Malaysia","2010","1261.674","1180.043"
"1494","Myanmar","2010","2259.745","2086.822"
"1495","Philippines","2010","4510.248","3921.234"
"1496","Singapore","2010","165.344","194.852"
"1497","Thailand","2010","2667.576","2711.424"
"1498","Timor-Leste","2010","49.537","42.57"
"1499","Viet Nam","2010","4542.113","4167.299"
"1500","Western Asia","2010","11151.732","11208.155"
"1501","Armenia","2010","152.37","126.649"
"1502","Azerbaijan","2010","523.528","416.709"
"1503","Bahrain","2010","70.235","129.996"
"1504","Cyprus","2010","50.23","54.817"
"1505","Georgia","2010","185.732","158.752"
"1506","Iraq","2010","1472.695","1254.669"
"1507","Israel","2010","281.658","279.068"
"1508","Jordan","2010","338.728","290.124"
"1509","Kuwait","2010","136.877","216.889"
"1510","Lebanon","2010","188.349","186.783"
"1511","Occupied Palestinian Territory","2010","188.096","158.185"
"1512","Oman","2010","209.795","261.638"
"1513","Qatar","2010","146.788","233.428"
"1514","Saudi Arabia","2010","1243.706","1362.051"
"1515","Syrian Arab Republic","2010","996.492","813.962"
"1516","Turkey","2010","3222.701","3333.47"
"1517","United Arab Emirates","2010","497.341","907.882"
"1518","Yemen","2010","1246.411","1023.083"
"1519","EUROPE","2010","26109.406","27030.136"
"1520","Eastern Europe","2010","12220.161","12486.962"
"1521","Belarus","2010","403.946","400.13"
"1522","Bulgaria","2010","257.428","270.163"
"1523","Czech Republic","2010","360.367","399.87"
"1524","Hungary","2010","327.99","352.705"
"1525","Poland","2010","1516.152","1673.501"
"1526","Republic of Moldova","2010","174.737","147.371"
"1527","Romania","2010","863.584","807.01"
"1528","Russian Federation","2010","6268.177","6307.553"
"1529","Slovakia","2010","218.746","233.887"
"1530","Ukraine","2010","1829.034","1894.772"
"1531","Northern Europe","2010","3448.586","3356.766"
"1532","Channel Islands","2010","4.604","4.615"
"1533","Denmark","2010","168.626","154.415"
"1534","Estonia","2010","54.801","51.196"
"1535","Finland","2010","166.324","175.454"
"1536","Iceland","2010","11.715","12.541"
"1537","Ireland","2010","154.493","179.491"
"1538","Latvia","2010","95.191","87.416"
"1539","Lithuania","2010","138.393","126.218"
"1540","Norway","2010","155.395","157.251"
"1541","Sweden","2010","319.367","288.835"
"1542","United Kingdom","2010","2175.413","2115.754"
"1543","Southern Europe","2010","4499.812","5300.749"
"1544","Albania","2010","161.375","135.16"
"1545","Bosnia and Herzegovina","2010","147.794","145.195"
"1546","Croatia","2010","140.985","157.194"
"1547","Greece","2010","328.664","413.812"
"1548","Italy","2010","1553.702","1787.113"
"1549","Malta","2010","16.035","16.149"
"1550","Montenegro","2010","25.454","24.527"
"1551","Portugal","2010","307.177","370.293"
"1552","Serbia","2010","364.957","377.71"
"1553","Slovenia","2010","66.062","74.177"
"1554","Spain","2010","1301.144","1708.859"
"1555","TFYR Macedonia","2010","82.255","85.544"
"1556","Western Europe","2010","5940.847","5885.659"
"1557","Austria","2010","265.717","281.228"
"1558","Belgium","2010","323.487","335.788"
"1559","France","2010","2043.748","2026.77"
"1560","Germany","2010","2555.308","2483.751"
"1561","Luxembourg","2010","15.304","17.847"
"1562","Netherlands","2010","505.459","494.106"
"1563","Switzerland","2010","230.056","244.074"
"1564","LATIN AMERICA AND THE CARIBBEAN","2010","26109.771","24628.636"
"1565","Caribbean","2010","1805.862","1605.403"
"1566","Aruba","2010","3.47","3.12"
"1567","Bahamas","2010","14.798","14.587"
"1568","Barbados","2010","10.412","10.409"
"1569","Cuba","2010","427.632","359.469"
"1570","Dominican Republic","2010","449.763","405.05"
"1571","Grenada","2010","6.28","5.207"
"1572","Guadeloupe","2010","14.93","12.314"
"1573","Haiti","2010","501.995","451.298"
"1574","Jamaica","2010","115.706","93.632"
"1575","Martinique","2010","14.705","11.453"
"1576","Netherlands Antilles","2010","5.473","5.793"
"1577","Puerto Rico","2010","142.703","133.605"
"1578","Saint Lucia","2010","8.497","7.762"
"1579","Saint Vincent and the Grenadines","2010","4.972","4.68"
"1580","Trinidad and Tobago","2010","67.332","70.029"
"1581","United States Virgin Islands","2010","3.744","3.103"
"1582","Central America","2010","6828.384","6076.248"
"1583","Belize","2010","15.461","13.88"
"1584","Costa Rica","2010","233.069","213.572"
"1585","El Salvador","2010","301.959","229.737"
"1586","Guatemala","2010","647.204","538.925"
"1587","Honduras","2010","379.777","322.144"
"1588","Mexico","2010","4811.229","4361.636"
"1589","Nicaragua","2010","286.869","254.641"
"1590","Panama","2010","152.816","141.713"
"1591","South America","2010","17475.525","16946.985"
"1592","Argentina","2010","1680.706","1609.274"
"1593","Bolivia (Plurinational State of)","2010","466.51","394.541"
"1594","Brazil","2010","8616.871","8809.395"
"1595","Chile","2010","741.906","667.771"
"1596","Colombia","2010","2072.529","1914.421"
"1597","Ecuador","2010","672.419","624.88"
"1598","French Guiana","2010","9.649","7.89"
"1599","Guyana","2010","29.912","27.627"
"1600","Paraguay","2010","320.351","287.311"
"1601","Peru","2010","1354.54","1230.089"
"1602","Suriname","2010","23.143","22.587"
"1603","Uruguay","2010","126.769","115.884"
"1604","Venezuela (Bolivarian Republic of)","2010","1360.129","1235.226"
"1605","NORTHERN AMERICA","2010","12343.965","12515.738"
"1606","Canada","2010","1187.764","1185.917"
"1607","United States of America","2010","11151.532","11325.247"
"1608","OCEANIA","2010","1456.417","1381.692"
"1609","Australia/New Zealand","2010","1004.847","968.665"
"1610","Australia","2010","842.711","825.961"
"1611","New Zealand","2010","162.136","142.704"
"1612","Melanesia","2010","397.733","368.366"
"1613","Fiji","2010","39.403","39.229"
"1614","New Caledonia","2010","10.108","9.789"
"1615","Papua New Guinea","2010","310.788","286.202"
"1616","Solomon Islands","2010","25.725","22.795"
"1617","Vanuatu","2010","11.709","10.351"
"1618","Micronesia","2010","23.503","20.622"
"1619","Guam","2010","7.144","6.272"
"1620","Micronesia (Fed. States of)","2010","6.417","5.247"
"1621","Polynesia","2010","30.334","24.039"
"1622","French Polynesia","2010","13.238","10.447"
"1623","Samoa","2010","7.609","6.015"
"1624","Tonga","2010","4.25","3.854"
